request_id,sequence_id,request_class,arrival_time_s,enqueue_time_s,dispatch_time_s,first_token_time_s,completion_time_s,input_tokens,output_tokens,status,error_type,policy_name,config_hash,repetition_index,env_version
request-000000,0,interactive,10550.817216086,10550.818240859,10550.818263804,10550.836825057,10551.747195995,254,118,success,,slo_aware,cd936162134558b8c8691a91fc8780bc35aba11a99db7f5d4526aa6ce1b47fbd,0,python=3.11.14;driver=580.178.04;model_revision=c1899de289a04d12100db370d81485cdf75e47ca;config_hash=a0d18df2a0751f250758d97bf1f2b74d6020645c6fad4e3511ba87efca5ededa;vllm=unavailable;torch=unavailable
request-000001,1,interactive,10551.317216086,10551.31787937,10551.317914022,10551.342438096,10551.747183834,198,49,success,,slo_aware,cd936162134558b8c8691a91fc8780bc35aba11a99db7f5d4526aa6ce1b47fbd,0,python=3.11.14;driver=580.178.04;model_revision=c1899de289a04d12100db370d81485cdf75e47ca;config_hash=a0d18df2a0751f250758d97bf1f2b74d6020645c6fad4e3511ba87efca5ededa;vllm=unavailable;torch=unavailable
request-000002,2,batch,10551.817216086,10551.817570535,10551.817595627,10551.835697918,10553.951195015,892,254,success,,slo_aware,cd936162134558b8c8691a91fc8780bc35aba11a99db7f5d4526aa6ce1b47fbd,0,python=3.11.14;driver=580.178.04;model_revision=c1899de289a04d12100db370d81485cdf75e47ca;config_hash=a0d18df2a0751f250758d97bf1f2b74d6020645c6fad4e3511ba87efca5ededa;vllm=unavailable;torch=unavailable
request-000003,3,interactive,10552.317216086,10552.318164872,10552.318196571,10552.341330242,10552.789498089,118,55,success,,slo_aware,cd936162134558b8c8691a91fc8780bc35aba11a99db7f5d4526aa6ce1b47fbd,0,python=3.11.14;driver=580.178.04;model_revision=c1899de289a04d12100db370d81485cdf75e47ca;config_hash=a0d18df2a0751f250758d97bf1f2b74d6020645c6fad4e3511ba87efca5ededa;vllm=unavailable;torch=unavailable
request-000004,4,batch,10552.817216086,10552.817819801,10552.817853721,10552.840608236,10553.995216348,2046,131,success,,slo_aware,cd936162134558b8c8691a91fc8780bc35aba11a99db7f5d4526aa6ce1b47fbd,0,python=3.11.14;driver=580.178.04;model_revision=c1899de289a04d12100db370d81485cdf75e47ca;config_hash=a0d18df2a0751f250758d97bf1f2b74d6020645c6fad4e3511ba87efca5ededa;vllm=unavailable;torch=unavailable
request-000005,5,batch,10553.317216086,10553.317638913,10553.317667467,10553.341600864,10555.597526,1040,257,success,,slo_aware,cd936162134558b8c8691a91fc8780bc35aba11a99db7f5d4526aa6ce1b47fbd,0,python=3.11.14;driver=580.178.04;model_revision=c1899de289a04d12100db370d81485cdf75e47ca;config_hash=a0d18df2a0751f250758d97bf1f2b74d6020645c6fad4e3511ba87efca5ededa;vllm=unavailable;torch=unavailable
request-000006,6,batch,10553.817216086,10553.818081138,10553.818111213,10553.845206868,10556.818850858,589,341,success,,slo_aware,cd936162134558b8c8691a91fc8780bc35aba11a99db7f5d4526aa6ce1b47fbd,0,python=3.11.14;driver=580.178.04;model_revision=c1899de289a04d12100db370d81485cdf75e47ca;config_hash=a0d18df2a0751f250758d97bf1f2b74d6020645c6fad4e3511ba87efca5ededa;vllm=unavailable;torch=unavailable
request-000007,7,batch,10554.317216086,10554.317590669,10554.31761717,10554.343128748,10557.415388096,578,352,success,,slo_aware,cd936162134558b8c8691a91fc8780bc35aba11a99db7f5d4526aa6ce1b47fbd,0,python=3.11.14;driver=580.178.04;model_revision=c1899de289a04d12100db370d81485cdf75e47ca;config_hash=a0d18df2a0751f250758d97bf1f2b74d6020645c6fad4e3511ba87efca5ededa;vllm=unavailable;torch=unavailable
request-000008,8,interactive,10554.817216086,10554.817988032,10554.81803534,10554.843689725,10555.309841928,94,54,success,,slo_aware,cd936162134558b8c8691a91fc8780bc35aba11a99db7f5d4526aa6ce1b47fbd,0,python=3.11.14;driver=580.178.04;model_revision=c1899de289a04d12100db370d81485cdf75e47ca;config_hash=a0d18df2a0751f250758d97bf1f2b74d6020645c6fad4e3511ba87efca5ededa;vllm=unavailable;torch=unavailable
request-000009,9,interactive,10555.317216086,10555.318201528,10555.318236507,10555.344374945,10555.719980965,68,44,success,,slo_aware,cd936162134558b8c8691a91fc8780bc35aba11a99db7f5d4526aa6ce1b47fbd,0,python=3.11.14;driver=580.178.04;model_revision=c1899de289a04d12100db370d81485cdf75e47ca;config_hash=a0d18df2a0751f250758d97bf1f2b74d6020645c6fad4e3511ba87efca5ededa;vllm=unavailable;torch=unavailable
request-000010,10,batch,10555.817216086,10555.817568945,10555.817599149,10555.842660974,10558.909097452,611,352,success,,slo_aware,cd936162134558b8c8691a91fc8780bc35aba11a99db7f5d4526aa6ce1b47fbd,0,python=3.11.14;driver=580.178.04;model_revision=c1899de289a04d12100db370d81485cdf75e47ca;config_hash=a0d18df2a0751f250758d97bf1f2b74d6020645c6fad4e3511ba87efca5ededa;vllm=unavailable;torch=unavailable
request-000011,11,batch,10556.317216086,10556.318097727,10556.318127355,10556.347139281,10558.186522436,1163,211,success,,slo_aware,cd936162134558b8c8691a91fc8780bc35aba11a99db7f5d4526aa6ce1b47fbd,0,python=3.11.14;driver=580.178.04;model_revision=c1899de289a04d12100db370d81485cdf75e47ca;config_hash=a0d18df2a0751f250758d97bf1f2b74d6020645c6fad4e3511ba87efca5ededa;vllm=unavailable;torch=unavailable
request-000012,12,interactive,10556.817216086,10556.817842842,10556.818863779,10556.843710127,10557.28655122,249,51,success,,slo_aware,cd936162134558b8c8691a91fc8780bc35aba11a99db7f5d4526aa6ce1b47fbd,0,python=3.11.14;driver=580.178.04;model_revision=c1899de289a04d12100db370d81485cdf75e47ca;config_hash=a0d18df2a0751f250758d97bf1f2b74d6020645c6fad4e3511ba87efca5ededa;vllm=unavailable;torch=unavailable
request-000013,13,batch,10557.317216086,10557.317369765,10557.317396978,10557.346134417,10560.405073137,798,352,success,,slo_aware,cd936162134558b8c8691a91fc8780bc35aba11a99db7f5d4526aa6ce1b47fbd,0,python=3.11.14;driver=580.178.04;model_revision=c1899de289a04d12100db370d81485cdf75e47ca;config_hash=a0d18df2a0751f250758d97bf1f2b74d6020645c6fad4e3511ba87efca5ededa;vllm=unavailable;torch=unavailable
request-000014,14,batch,10557.817216086,10557.817630692,10557.817658406,10557.843961019,10560.703153823,1990,334,success,,slo_aware,cd936162134558b8c8691a91fc8780bc35aba11a99db7f5d4526aa6ce1b47fbd,0,python=3.11.14;driver=580.178.04;model_revision=c1899de289a04d12100db370d81485cdf75e47ca;config_hash=a0d18df2a0751f250758d97bf1f2b74d6020645c6fad4e3511ba87efca5ededa;vllm=unavailable;torch=unavailable
request-000015,15,batch,10558.317216086,10558.318245287,10558.318271283,10558.342643258,10560.837289843,541,294,success,,slo_aware,cd936162134558b8c8691a91fc8780bc35aba11a99db7f5d4526aa6ce1b47fbd,0,python=3.11.14;driver=580.178.04;model_revision=c1899de289a04d12100db370d81485cdf75e47ca;config_hash=a0d18df2a0751f250758d97bf1f2b74d6020645c6fad4e3511ba87efca5ededa;vllm=unavailable;torch=unavailable
request-000016,16,batch,10558.817216086,10558.817656987,10558.909110373,10558.934043879,10561.904787838,945,355,success,,slo_aware,cd936162134558b8c8691a91fc8780bc35aba11a99db7f5d4526aa6ce1b47fbd,0,python=3.11.14;driver=580.178.04;model_revision=c1899de289a04d12100db370d81485cdf75e47ca;config_hash=a0d18df2a0751f250758d97bf1f2b74d6020645c6fad4e3511ba87efca5ededa;vllm=unavailable;torch=unavailable
request-000017,17,batch,10559.317216086,10559.317746527,10560.405088896,10560.429493509,10561.525145332,719,139,success,,slo_aware,cd936162134558b8c8691a91fc8780bc35aba11a99db7f5d4526aa6ce1b47fbd,0,python=3.11.14;driver=580.178.04;model_revision=c1899de289a04d12100db370d81485cdf75e47ca;config_hash=a0d18df2a0751f250758d97bf1f2b74d6020645c6fad4e3511ba87efca5ededa;vllm=unavailable;torch=unavailable
request-000018,18,batch,10559.817216086,10559.817522641,10560.837302575,10560.859498448,10563.97351669,1973,366,success,,slo_aware,cd936162134558b8c8691a91fc8780bc35aba11a99db7f5d4526aa6ce1b47fbd,0,python=3.11.14;driver=580.178.04;model_revision=c1899de289a04d12100db370d81485cdf75e47ca;config_hash=a0d18df2a0751f250758d97bf1f2b74d6020645c6fad4e3511ba87efca5ededa;vllm=unavailable;torch=unavailable
request-000019,19,interactive,10560.317216086,10560.317964048,10560.70316841,10560.726349816,10561.31847067,92,76,success,,slo_aware,cd936162134558b8c8691a91fc8780bc35aba11a99db7f5d4526aa6ce1b47fbd,0,python=3.11.14;driver=580.178.04;model_revision=c1899de289a04d12100db370d81485cdf75e47ca;config_hash=a0d18df2a0751f250758d97bf1f2b74d6020645c6fad4e3511ba87efca5ededa;vllm=unavailable;torch=unavailable
request-000020,20,interactive,10560.817216086,10560.817612267,10561.318484574,10561.343656343,10562.435054893,137,127,success,,slo_aware,cd936162134558b8c8691a91fc8780bc35aba11a99db7f5d4526aa6ce1b47fbd,0,python=3.11.14;driver=580.178.04;model_revision=c1899de289a04d12100db370d81485cdf75e47ca;config_hash=a0d18df2a0751f250758d97bf1f2b74d6020645c6fad4e3511ba87efca5ededa;vllm=unavailable;torch=unavailable
request-000021,21,interactive,10561.317216086,10561.317658816,10561.525158624,10561.549884993,10561.836708605,157,34,success,,slo_aware,cd936162134558b8c8691a91fc8780bc35aba11a99db7f5d4526aa6ce1b47fbd,0,python=3.11.14;driver=580.178.04;model_revision=c1899de289a04d12100db370d81485cdf75e47ca;config_hash=a0d18df2a0751f250758d97bf1f2b74d6020645c6fad4e3511ba87efca5ededa;vllm=unavailable;torch=unavailable
request-000022,22,interactive,10561.817216086,10561.818024784,10561.836722241,10561.861674471,10562.539197259,255,79,success,,slo_aware,cd936162134558b8c8691a91fc8780bc35aba11a99db7f5d4526aa6ce1b47fbd,0,python=3.11.14;driver=580.178.04;model_revision=c1899de289a04d12100db370d81485cdf75e47ca;config_hash=a0d18df2a0751f250758d97bf1f2b74d6020645c6fad4e3511ba87efca5ededa;vllm=unavailable;torch=unavailable
request-000023,23,batch,10562.317216086,10562.317831034,10562.31785415,10562.33917509,10565.888141826,1132,409,success,,slo_aware,cd936162134558b8c8691a91fc8780bc35aba11a99db7f5d4526aa6ce1b47fbd,0,python=3.11.14;driver=580.178.04;model_revision=c1899de289a04d12100db370d81485cdf75e47ca;config_hash=a0d18df2a0751f250758d97bf1f2b74d6020645c6fad4e3511ba87efca5ededa;vllm=unavailable;torch=unavailable
request-000024,24,batch,10562.817216086,10562.817513507,10562.817542943,10562.841875678,10565.409158746,967,296,success,,slo_aware,cd936162134558b8c8691a91fc8780bc35aba11a99db7f5d4526aa6ce1b47fbd,0,python=3.11.14;driver=580.178.04;model_revision=c1899de289a04d12100db370d81485cdf75e47ca;config_hash=a0d18df2a0751f250758d97bf1f2b74d6020645c6fad4e3511ba87efca5ededa;vllm=unavailable;torch=unavailable
request-000025,25,batch,10563.317216086,10563.318089707,10563.318115591,10563.341765716,10565.33101845,539,229,success,,slo_aware,cd936162134558b8c8691a91fc8780bc35aba11a99db7f5d4526aa6ce1b47fbd,0,python=3.11.14;driver=580.178.04;model_revision=c1899de289a04d12100db370d81485cdf75e47ca;config_hash=a0d18df2a0751f250758d97bf1f2b74d6020645c6fad4e3511ba87efca5ededa;vllm=unavailable;torch=unavailable
request-000026,26,interactive,10563.817216086,10563.817880761,10563.973529448,10563.998830443,10564.98185719,197,113,success,,slo_aware,cd936162134558b8c8691a91fc8780bc35aba11a99db7f5d4526aa6ce1b47fbd,0,python=3.11.14;driver=580.178.04;model_revision=c1899de289a04d12100db370d81485cdf75e47ca;config_hash=a0d18df2a0751f250758d97bf1f2b74d6020645c6fad4e3511ba87efca5ededa;vllm=unavailable;torch=unavailable
request-000027,27,batch,10564.317216086,10564.317884129,10564.981879181,10565.006640462,10567.804596463,1957,323,success,,slo_aware,cd936162134558b8c8691a91fc8780bc35aba11a99db7f5d4526aa6ce1b47fbd,0,python=3.11.14;driver=580.178.04;model_revision=c1899de289a04d12100db370d81485cdf75e47ca;config_hash=a0d18df2a0751f250758d97bf1f2b74d6020645c6fad4e3511ba87efca5ededa;vllm=unavailable;torch=unavailable
request-000028,28,batch,10564.817216086,10564.818034162,10565.331033146,10565.356333231,10566.460196046,700,128,success,,slo_aware,cd936162134558b8c8691a91fc8780bc35aba11a99db7f5d4526aa6ce1b47fbd,0,python=3.11.14;driver=580.178.04;model_revision=c1899de289a04d12100db370d81485cdf75e47ca;config_hash=a0d18df2a0751f250758d97bf1f2b74d6020645c6fad4e3511ba87efca5ededa;vllm=unavailable;torch=unavailable
request-000029,29,interactive,10565.317216086,10565.318123831,10565.40917213,10565.434889579,10565.87916763,193,52,success,,slo_aware,cd936162134558b8c8691a91fc8780bc35aba11a99db7f5d4526aa6ce1b47fbd,0,python=3.11.14;driver=580.178.04;model_revision=c1899de289a04d12100db370d81485cdf75e47ca;config_hash=a0d18df2a0751f250758d97bf1f2b74d6020645c6fad4e3511ba87efca5ededa;vllm=unavailable;torch=unavailable
request-000030,30,batch,10565.817216086,10565.817406603,10565.879182015,10565.901928218,10567.631717936,1279,200,success,,slo_aware,cd936162134558b8c8691a91fc8780bc35aba11a99db7f5d4526aa6ce1b47fbd,0,python=3.11.14;driver=580.178.04;model_revision=c1899de289a04d12100db370d81485cdf75e47ca;config_hash=a0d18df2a0751f250758d97bf1f2b74d6020645c6fad4e3511ba87efca5ededa;vllm=unavailable;torch=unavailable
request-000031,31,interactive,10566.317216086,10566.317619049,10566.317647412,10566.339009411,10566.990429347,213,76,success,,slo_aware,cd936162134558b8c8691a91fc8780bc35aba11a99db7f5d4526aa6ce1b47fbd,0,python=3.11.14;driver=580.178.04;model_revision=c1899de289a04d12100db370d81485cdf75e47ca;config_hash=a0d18df2a0751f250758d97bf1f2b74d6020645c6fad4e3511ba87efca5ededa;vllm=unavailable;torch=unavailable
request-000032,32,batch,10566.817216086,10566.818139827,10566.818170939,10566.842684534,10569.97392838,1071,365,success,,slo_aware,cd936162134558b8c8691a91fc8780bc35aba11a99db7f5d4526aa6ce1b47fbd,0,python=3.11.14;driver=580.178.04;model_revision=c1899de289a04d12100db370d81485cdf75e47ca;config_hash=a0d18df2a0751f250758d97bf1f2b74d6020645c6fad4e3511ba87efca5ededa;vllm=unavailable;torch=unavailable
request-000033,33,batch,10567.317216086,10567.317320937,10567.317352849,10567.346242824,10570.026260637,994,313,success,,slo_aware,cd936162134558b8c8691a91fc8780bc35aba11a99db7f5d4526aa6ce1b47fbd,0,python=3.11.14;driver=580.178.04;model_revision=c1899de289a04d12100db370d81485cdf75e47ca;config_hash=a0d18df2a0751f250758d97bf1f2b74d6020645c6fad4e3511ba87efca5ededa;vllm=unavailable;torch=unavailable
request-000034,34,interactive,10567.817216086,10567.818162955,10567.818187432,10567.83853965,10568.51203976,95,79,success,,slo_aware,cd936162134558b8c8691a91fc8780bc35aba11a99db7f5d4526aa6ce1b47fbd,0,python=3.11.14;driver=580.178.04;model_revision=c1899de289a04d12100db370d81485cdf75e47ca;config_hash=a0d18df2a0751f250758d97bf1f2b74d6020645c6fad4e3511ba87efca5ededa;vllm=unavailable;torch=unavailable
request-000035,35,batch,10568.317216086,10568.317588834,10568.317619028,10568.34069288,10570.711168712,1493,281,success,,slo_aware,cd936162134558b8c8691a91fc8780bc35aba11a99db7f5d4526aa6ce1b47fbd,0,python=3.11.14;driver=580.178.04;model_revision=c1899de289a04d12100db370d81485cdf75e47ca;config_hash=a0d18df2a0751f250758d97bf1f2b74d6020645c6fad4e3511ba87efca5ededa;vllm=unavailable;torch=unavailable
request-000036,36,interactive,10568.817216086,10568.818166993,10568.818205348,10568.841721019,10569.60571292,165,90,success,,slo_aware,cd936162134558b8c8691a91fc8780bc35aba11a99db7f5d4526aa6ce1b47fbd,0,python=3.11.14;driver=580.178.04;model_revision=c1899de289a04d12100db370d81485cdf75e47ca;config_hash=a0d18df2a0751f250758d97bf1f2b74d6020645c6fad4e3511ba87efca5ededa;vllm=unavailable;torch=unavailable
request-000037,37,batch,10569.317216086,10569.31735096,10569.605727412,10569.630801129,10572.731758161,1575,399,success,,slo_aware,cd936162134558b8c8691a91fc8780bc35aba11a99db7f5d4526aa6ce1b47fbd,0,python=3.11.14;driver=580.178.04;model_revision=c1899de289a04d12100db370d81485cdf75e47ca;config_hash=a0d18df2a0751f250758d97bf1f2b74d6020645c6fad4e3511ba87efca5ededa;vllm=unavailable;torch=unavailable
request-000038,38,batch,10569.817216086,10569.817361331,10569.973942785,10569.999630428,10571.893118853,1975,245,success,,slo_aware,cd936162134558b8c8691a91fc8780bc35aba11a99db7f5d4526aa6ce1b47fbd,0,python=3.11.14;driver=580.178.04;model_revision=c1899de289a04d12100db370d81485cdf75e47ca;config_hash=a0d18df2a0751f250758d97bf1f2b74d6020645c6fad4e3511ba87efca5ededa;vllm=unavailable;torch=unavailable
request-000039,39,batch,10570.317216086,10570.317536227,10570.317563904,10570.343161373,10572.428519521,882,276,success,,slo_aware,cd936162134558b8c8691a91fc8780bc35aba11a99db7f5d4526aa6ce1b47fbd,0,python=3.11.14;driver=580.178.04;model_revision=c1899de289a04d12100db370d81485cdf75e47ca;config_hash=a0d18df2a0751f250758d97bf1f2b74d6020645c6fad4e3511ba87efca5ededa;vllm=unavailable;torch=unavailable
request-000040,40,interactive,10570.817216086,10570.81816445,10570.818201497,10570.844369691,10571.226282218,107,52,success,,slo_aware,cd936162134558b8c8691a91fc8780bc35aba11a99db7f5d4526aa6ce1b47fbd,0,python=3.11.14;driver=580.178.04;model_revision=c1899de289a04d12100db370d81485cdf75e47ca;config_hash=a0d18df2a0751f250758d97bf1f2b74d6020645c6fad4e3511ba87efca5ededa;vllm=unavailable;torch=unavailable
request-000041,41,batch,10571.317216086,10571.317386466,10571.317426019,10571.338483852,10573.940903947,1579,348,success,,slo_aware,cd936162134558b8c8691a91fc8780bc35aba11a99db7f5d4526aa6ce1b47fbd,0,python=3.11.14;driver=580.178.04;model_revision=c1899de289a04d12100db370d81485cdf75e47ca;config_hash=a0d18df2a0751f250758d97bf1f2b74d6020645c6fad4e3511ba87efca5ededa;vllm=unavailable;torch=unavailable
request-000042,42,batch,10571.817216086,10571.818442753,10571.893136324,10571.914342866,10574.186147842,1568,303,success,,slo_aware,cd936162134558b8c8691a91fc8780bc35aba11a99db7f5d4526aa6ce1b47fbd,0,python=3.11.14;driver=580.178.04;model_revision=c1899de289a04d12100db370d81485cdf75e47ca;config_hash=a0d18df2a0751f250758d97bf1f2b74d6020645c6fad4e3511ba87efca5ededa;vllm=unavailable;torch=unavailable
request-000043,43,batch,10572.317216086,10572.31747049,10572.428531891,10572.451410751,10573.449050018,518,134,success,,slo_aware,cd936162134558b8c8691a91fc8780bc35aba11a99db7f5d4526aa6ce1b47fbd,0,python=3.11.14;driver=580.178.04;model_revision=c1899de289a04d12100db370d81485cdf75e47ca;config_hash=a0d18df2a0751f250758d97bf1f2b74d6020645c6fad4e3511ba87efca5ededa;vllm=unavailable;torch=unavailable
request-000044,44,interactive,10572.817216086,10572.81797308,10572.81801599,10572.842549549,10573.688569398,197,114,success,,slo_aware,cd936162134558b8c8691a91fc8780bc35aba11a99db7f5d4526aa6ce1b47fbd,0,python=3.11.14;driver=580.178.04;model_revision=c1899de289a04d12100db370d81485cdf75e47ca;config_hash=a0d18df2a0751f250758d97bf1f2b74d6020645c6fad4e3511ba87efca5ededa;vllm=unavailable;torch=unavailable
request-000045,45,interactive,10573.317216086,10573.318188608,10573.449062598,10573.470718163,10574.091439376,212,84,success,,slo_aware,cd936162134558b8c8691a91fc8780bc35aba11a99db7f5d4526aa6ce1b47fbd,0,python=3.11.14;driver=580.178.04;model_revision=c1899de289a04d12100db370d81485cdf75e47ca;config_hash=a0d18df2a0751f250758d97bf1f2b74d6020645c6fad4e3511ba87efca5ededa;vllm=unavailable;torch=unavailable
request-000046,46,interactive,10573.817216086,10573.817536748,10573.817559856,10573.836098157,10574.370370395,70,69,success,,slo_aware,cd936162134558b8c8691a91fc8780bc35aba11a99db7f5d4526aa6ce1b47fbd,0,python=3.11.14;driver=580.178.04;model_revision=c1899de289a04d12100db370d81485cdf75e47ca;config_hash=a0d18df2a0751f250758d97bf1f2b74d6020645c6fad4e3511ba87efca5ededa;vllm=unavailable;torch=unavailable
request-000047,47,interactive,10574.317216086,10574.317324984,10574.317356032,10574.343503323,10575.225904691,140,108,success,,slo_aware,cd936162134558b8c8691a91fc8780bc35aba11a99db7f5d4526aa6ce1b47fbd,0,python=3.11.14;driver=580.178.04;model_revision=c1899de289a04d12100db370d81485cdf75e47ca;config_hash=a0d18df2a0751f250758d97bf1f2b74d6020645c6fad4e3511ba87efca5ededa;vllm=unavailable;torch=unavailable
request-000048,48,batch,10574.817216086,10574.818118107,10574.818147304,10574.839896074,10578.035962455,1177,378,success,,slo_aware,cd936162134558b8c8691a91fc8780bc35aba11a99db7f5d4526aa6ce1b47fbd,0,python=3.11.14;driver=580.178.04;model_revision=c1899de289a04d12100db370d81485cdf75e47ca;config_hash=a0d18df2a0751f250758d97bf1f2b74d6020645c6fad4e3511ba87efca5ededa;vllm=unavailable;torch=unavailable
request-000049,49,interactive,10575.317216086,10575.318170668,10575.318203146,10575.339923119,10575.650043991,67,37,success,,slo_aware,cd936162134558b8c8691a91fc8780bc35aba11a99db7f5d4526aa6ce1b47fbd,0,python=3.11.14;driver=580.178.04;model_revision=c1899de289a04d12100db370d81485cdf75e47ca;config_hash=a0d18df2a0751f250758d97bf1f2b74d6020645c6fad4e3511ba87efca5ededa;vllm=unavailable;torch=unavailable
request-000050,50,interactive,10575.817216086,10575.817327743,10575.817367038,10575.846767265,10576.456679394,209,72,success,,slo_aware,cd936162134558b8c8691a91fc8780bc35aba11a99db7f5d4526aa6ce1b47fbd,0,python=3.11.14;driver=580.178.04;model_revision=c1899de289a04d12100db370d81485cdf75e47ca;config_hash=a0d18df2a0751f250758d97bf1f2b74d6020645c6fad4e3511ba87efca5ededa;vllm=unavailable;torch=unavailable
request-000051,51,batch,10576.317216086,10576.318181148,10576.318206962,10576.343421263,10577.701485231,1232,158,success,,slo_aware,cd936162134558b8c8691a91fc8780bc35aba11a99db7f5d4526aa6ce1b47fbd,0,python=3.11.14;driver=580.178.04;model_revision=c1899de289a04d12100db370d81485cdf75e47ca;config_hash=a0d18df2a0751f250758d97bf1f2b74d6020645c6fad4e3511ba87efca5ededa;vllm=unavailable;torch=unavailable
request-000052,52,batch,10576.817216086,10576.81793148,10576.817965739,10576.843962493,10579.284859957,1828,285,success,,slo_aware,cd936162134558b8c8691a91fc8780bc35aba11a99db7f5d4526aa6ce1b47fbd,0,python=3.11.14;driver=580.178.04;model_revision=c1899de289a04d12100db370d81485cdf75e47ca;config_hash=a0d18df2a0751f250758d97bf1f2b74d6020645c6fad4e3511ba87efca5ededa;vllm=unavailable;torch=unavailable
request-000053,53,batch,10577.317216086,10577.318095144,10577.318126138,10577.339762854,10579.77135723,845,285,success,,slo_aware,cd936162134558b8c8691a91fc8780bc35aba11a99db7f5d4526aa6ce1b47fbd,0,python=3.11.14;driver=580.178.04;model_revision=c1899de289a04d12100db370d81485cdf75e47ca;config_hash=a0d18df2a0751f250758d97bf1f2b74d6020645c6fad4e3511ba87efca5ededa;vllm=unavailable;torch=unavailable
request-000054,54,interactive,10577.817216086,10577.817934373,10577.817963285,10577.845574755,10578.803054291,208,113,success,,slo_aware,cd936162134558b8c8691a91fc8780bc35aba11a99db7f5d4526aa6ce1b47fbd,0,python=3.11.14;driver=580.178.04;model_revision=c1899de289a04d12100db370d81485cdf75e47ca;config_hash=a0d18df2a0751f250758d97bf1f2b74d6020645c6fad4e3511ba87efca5ededa;vllm=unavailable;torch=unavailable
request-000055,55,interactive,10578.317216086,10578.317947577,10578.317983404,10578.346889401,10579.328072631,237,115,success,,slo_aware,cd936162134558b8c8691a91fc8780bc35aba11a99db7f5d4526aa6ce1b47fbd,0,python=3.11.14;driver=580.178.04;model_revision=c1899de289a04d12100db370d81485cdf75e47ca;config_hash=a0d18df2a0751f250758d97bf1f2b74d6020645c6fad4e3511ba87efca5ededa;vllm=unavailable;torch=unavailable
request-000056,56,interactive,10578.817216086,10578.817330722,10578.817356019,10578.845441459,10579.199112206,223,42,success,,slo_aware,cd936162134558b8c8691a91fc8780bc35aba11a99db7f5d4526aa6ce1b47fbd,0,python=3.11.14;driver=580.178.04;model_revision=c1899de289a04d12100db370d81485cdf75e47ca;config_hash=a0d18df2a0751f250758d97bf1f2b74d6020645c6fad4e3511ba87efca5ededa;vllm=unavailable;torch=unavailable
request-000057,57,interactive,10579.317216086,10579.317473488,10579.317502093,10579.344062976,10579.787446805,104,54,success,,slo_aware,cd936162134558b8c8691a91fc8780bc35aba11a99db7f5d4526aa6ce1b47fbd,0,python=3.11.14;driver=580.178.04;model_revision=c1899de289a04d12100db370d81485cdf75e47ca;config_hash=a0d18df2a0751f250758d97bf1f2b74d6020645c6fad4e3511ba87efca5ededa;vllm=unavailable;torch=unavailable
request-000058,58,interactive,10579.817216086,10579.818134132,10579.818165963,10579.836998272,10580.89771761,229,128,success,,slo_aware,cd936162134558b8c8691a91fc8780bc35aba11a99db7f5d4526aa6ce1b47fbd,0,python=3.11.14;driver=580.178.04;model_revision=c1899de289a04d12100db370d81485cdf75e47ca;config_hash=a0d18df2a0751f250758d97bf1f2b74d6020645c6fad4e3511ba87efca5ededa;vllm=unavailable;torch=unavailable
request-000059,59,batch,10580.317216086,10580.318165767,10580.318203761,10580.339838935,10582.41031282,1601,244,success,,slo_aware,cd936162134558b8c8691a91fc8780bc35aba11a99db7f5d4526aa6ce1b47fbd,0,python=3.11.14;driver=580.178.04;model_revision=c1899de289a04d12100db370d81485cdf75e47ca;config_hash=a0d18df2a0751f250758d97bf1f2b74d6020645c6fad4e3511ba87efca5ededa;vllm=unavailable;torch=unavailable
request-000060,60,interactive,10580.817216086,10580.817333992,10580.817368529,10580.845623475,10581.170092366,139,39,success,,slo_aware,cd936162134558b8c8691a91fc8780bc35aba11a99db7f5d4526aa6ce1b47fbd,0,python=3.11.14;driver=580.178.04;model_revision=c1899de289a04d12100db370d81485cdf75e47ca;config_hash=a0d18df2a0751f250758d97bf1f2b74d6020645c6fad4e3511ba87efca5ededa;vllm=unavailable;torch=unavailable
request-000061,61,batch,10581.317216086,10581.317595717,10581.317626921,10581.342556126,10582.76817975,1681,167,success,,slo_aware,cd936162134558b8c8691a91fc8780bc35aba11a99db7f5d4526aa6ce1b47fbd,0,python=3.11.14;driver=580.178.04;model_revision=c1899de289a04d12100db370d81485cdf75e47ca;config_hash=a0d18df2a0751f250758d97bf1f2b74d6020645c6fad4e3511ba87efca5ededa;vllm=unavailable;torch=unavailable
request-000062,62,batch,10581.817216086,10581.817481829,10581.817511454,10581.837042349,10584.907326387,2004,361,success,,slo_aware,cd936162134558b8c8691a91fc8780bc35aba11a99db7f5d4526aa6ce1b47fbd,0,python=3.11.14;driver=580.178.04;model_revision=c1899de289a04d12100db370d81485cdf75e47ca;config_hash=a0d18df2a0751f250758d97bf1f2b74d6020645c6fad4e3511ba87efca5ededa;vllm=unavailable;torch=unavailable
request-000063,63,interactive,10582.317216086,10582.318175071,10582.318204828,10582.341175361,10583.085203732,114,87,success,,slo_aware,cd936162134558b8c8691a91fc8780bc35aba11a99db7f5d4526aa6ce1b47fbd,0,python=3.11.14;driver=580.178.04;model_revision=c1899de289a04d12100db370d81485cdf75e47ca;config_hash=a0d18df2a0751f250758d97bf1f2b74d6020645c6fad4e3511ba87efca5ededa;vllm=unavailable;torch=unavailable
request-000064,64,batch,10582.817216086,10582.817400208,10582.817424585,10582.843753736,10584.138128784,1587,152,success,,slo_aware,cd936162134558b8c8691a91fc8780bc35aba11a99db7f5d4526aa6ce1b47fbd,0,python=3.11.14;driver=580.178.04;model_revision=c1899de289a04d12100db370d81485cdf75e47ca;config_hash=a0d18df2a0751f250758d97bf1f2b74d6020645c6fad4e3511ba87efca5ededa;vllm=unavailable;torch=unavailable
request-000000,0,interactive,10584.907775692,10584.907999199,10584.908018799,10584.926904606,10585.899922669,254,118,success,,slo_aware,cd936162134558b8c8691a91fc8780bc35aba11a99db7f5d4526aa6ce1b47fbd,1,python=3.11.14;driver=580.178.04;model_revision=c1899de289a04d12100db370d81485cdf75e47ca;config_hash=a0d18df2a0751f250758d97bf1f2b74d6020645c6fad4e3511ba87efca5ededa;vllm=unavailable;torch=unavailable
request-000001,1,interactive,10585.407775692,10585.408378899,10585.408419092,10585.435977971,10585.850326123,198,49,success,,slo_aware,cd936162134558b8c8691a91fc8780bc35aba11a99db7f5d4526aa6ce1b47fbd,1,python=3.11.14;driver=580.178.04;model_revision=c1899de289a04d12100db370d81485cdf75e47ca;config_hash=a0d18df2a0751f250758d97bf1f2b74d6020645c6fad4e3511ba87efca5ededa;vllm=unavailable;torch=unavailable
request-000002,2,batch,10585.907775692,10585.908254946,10585.908281241,10585.927755951,10588.01300701,892,254,success,,slo_aware,cd936162134558b8c8691a91fc8780bc35aba11a99db7f5d4526aa6ce1b47fbd,1,python=3.11.14;driver=580.178.04;model_revision=c1899de289a04d12100db370d81485cdf75e47ca;config_hash=a0d18df2a0751f250758d97bf1f2b74d6020645c6fad4e3511ba87efca5ededa;vllm=unavailable;torch=unavailable
request-000003,3,interactive,10586.407775692,10586.408242207,10586.408271485,10586.436379784,10586.897913026,118,55,success,,slo_aware,cd936162134558b8c8691a91fc8780bc35aba11a99db7f5d4526aa6ce1b47fbd,1,python=3.11.14;driver=580.178.04;model_revision=c1899de289a04d12100db370d81485cdf75e47ca;config_hash=a0d18df2a0751f250758d97bf1f2b74d6020645c6fad4e3511ba87efca5ededa;vllm=unavailable;torch=unavailable
request-000004,4,batch,10586.907775692,10586.908826841,10586.908852818,10586.930760631,10587.987235018,2046,131,success,,slo_aware,cd936162134558b8c8691a91fc8780bc35aba11a99db7f5d4526aa6ce1b47fbd,1,python=3.11.14;driver=580.178.04;model_revision=c1899de289a04d12100db370d81485cdf75e47ca;config_hash=a0d18df2a0751f250758d97bf1f2b74d6020645c6fad4e3511ba87efca5ededa;vllm=unavailable;torch=unavailable
request-000005,5,batch,10587.407775692,10587.408402256,10587.408435401,10587.430914243,10589.445929075,1040,257,success,,slo_aware,cd936162134558b8c8691a91fc8780bc35aba11a99db7f5d4526aa6ce1b47fbd,1,python=3.11.14;driver=580.178.04;model_revision=c1899de289a04d12100db370d81485cdf75e47ca;config_hash=a0d18df2a0751f250758d97bf1f2b74d6020645c6fad4e3511ba87efca5ededa;vllm=unavailable;torch=unavailable
request-000006,6,batch,10587.907775692,10587.908500834,10587.90852392,10587.927388911,10591.41180763,589,459,success,,slo_aware,cd936162134558b8c8691a91fc8780bc35aba11a99db7f5d4526aa6ce1b47fbd,1,python=3.11.14;driver=580.178.04;model_revision=c1899de289a04d12100db370d81485cdf75e47ca;config_hash=a0d18df2a0751f250758d97bf1f2b74d6020645c6fad4e3511ba87efca5ededa;vllm=unavailable;torch=unavailable
request-000007,7,batch,10588.407775692,10588.408148388,10588.408188613,10588.434131718,10590.85831116,578,323,success,,slo_aware,cd936162134558b8c8691a91fc8780bc35aba11a99db7f5d4526aa6ce1b47fbd,1,python=3.11.14;driver=580.178.04;model_revision=c1899de289a04d12100db370d81485cdf75e47ca;config_hash=a0d18df2a0751f250758d97bf1f2b74d6020645c6fad4e3511ba87efca5ededa;vllm=unavailable;torch=unavailable
request-000008,8,interactive,10588.907775692,10588.907917107,10588.90794917,10588.927448162,10589.320397573,94,54,success,,slo_aware,cd936162134558b8c8691a91fc8780bc35aba11a99db7f5d4526aa6ce1b47fbd,1,python=3.11.14;driver=580.178.04;model_revision=c1899de289a04d12100db370d81485cdf75e47ca;config_hash=a0d18df2a0751f250758d97bf1f2b74d6020645c6fad4e3511ba87efca5ededa;vllm=unavailable;torch=unavailable
request-000009,9,interactive,10589.407775692,10589.408116736,10589.408146991,10589.430067754,10589.750720273,68,44,success,,slo_aware,cd936162134558b8c8691a91fc8780bc35aba11a99db7f5d4526aa6ce1b47fbd,1,python=3.11.14;driver=580.178.04;model_revision=c1899de289a04d12100db370d81485cdf75e47ca;config_hash=a0d18df2a0751f250758d97bf1f2b74d6020645c6fad4e3511ba87efca5ededa;vllm=unavailable;torch=unavailable
request-000010,10,batch,10589.907775692,10589.908683791,10589.908710087,10589.927434785,10592.533989931,611,352,success,,slo_aware,cd936162134558b8c8691a91fc8780bc35aba11a99db7f5d4526aa6ce1b47fbd,1,python=3.11.14;driver=580.178.04;model_revision=c1899de289a04d12100db370d81485cdf75e47ca;config_hash=a0d18df2a0751f250758d97bf1f2b74d6020645c6fad4e3511ba87efca5ededa;vllm=unavailable;torch=unavailable
request-000011,11,batch,10590.407775692,10590.408872682,10590.408901086,10590.432236377,10591.99198751,1163,211,success,,slo_aware,cd936162134558b8c8691a91fc8780bc35aba11a99db7f5d4526aa6ce1b47fbd,1,python=3.11.14;driver=580.178.04;model_revision=c1899de289a04d12100db370d81485cdf75e47ca;config_hash=a0d18df2a0751f250758d97bf1f2b74d6020645c6fad4e3511ba87efca5ededa;vllm=unavailable;torch=unavailable
request-000012,12,interactive,10590.907775692,10590.908603428,10590.90862916,10590.93132514,10591.300855812,249,51,success,,slo_aware,cd936162134558b8c8691a91fc8780bc35aba11a99db7f5d4526aa6ce1b47fbd,1,python=3.11.14;driver=580.178.04;model_revision=c1899de289a04d12100db370d81485cdf75e47ca;config_hash=a0d18df2a0751f250758d97bf1f2b74d6020645c6fad4e3511ba87efca5ededa;vllm=unavailable;torch=unavailable
request-000013,13,batch,10591.407775692,10591.408429583,10591.408456961,10591.432976261,10594.239213094,798,352,success,,slo_aware,cd936162134558b8c8691a91fc8780bc35aba11a99db7f5d4526aa6ce1b47fbd,1,python=3.11.14;driver=580.178.04;model_revision=c1899de289a04d12100db370d81485cdf75e47ca;config_hash=a0d18df2a0751f250758d97bf1f2b74d6020645c6fad4e3511ba87efca5ededa;vllm=unavailable;torch=unavailable
request-000014,14,batch,10591.907775692,10591.908311527,10591.908338477,10591.931258214,10594.660932071,1990,334,success,,slo_aware,cd936162134558b8c8691a91fc8780bc35aba11a99db7f5d4526aa6ce1b47fbd,1,python=3.11.14;driver=580.178.04;model_revision=c1899de289a04d12100db370d81485cdf75e47ca;config_hash=a0d18df2a0751f250758d97bf1f2b74d6020645c6fad4e3511ba87efca5ededa;vllm=unavailable;torch=unavailable
request-000015,15,batch,10592.407775692,10592.408576526,10592.408608446,10592.429424,10594.893181429,541,294,success,,slo_aware,cd936162134558b8c8691a91fc8780bc35aba11a99db7f5d4526aa6ce1b47fbd,1,python=3.11.14;driver=580.178.04;model_revision=c1899de289a04d12100db370d81485cdf75e47ca;config_hash=a0d18df2a0751f250758d97bf1f2b74d6020645c6fad4e3511ba87efca5ededa;vllm=unavailable;torch=unavailable
request-000016,16,batch,10592.907775692,10592.908343895,10592.908375175,10592.936091981,10596.017432787,945,359,success,,slo_aware,cd936162134558b8c8691a91fc8780bc35aba11a99db7f5d4526aa6ce1b47fbd,1,python=3.11.14;driver=580.178.04;model_revision=c1899de289a04d12100db370d81485cdf75e47ca;config_hash=a0d18df2a0751f250758d97bf1f2b74d6020645c6fad4e3511ba87efca5ededa;vllm=unavailable;torch=unavailable
request-000017,17,batch,10593.407775692,10593.40790776,10594.23922925,10594.264407415,10595.449951507,719,139,success,,slo_aware,cd936162134558b8c8691a91fc8780bc35aba11a99db7f5d4526aa6ce1b47fbd,1,python=3.11.14;driver=580.178.04;model_revision=c1899de289a04d12100db370d81485cdf75e47ca;config_hash=a0d18df2a0751f250758d97bf1f2b74d6020645c6fad4e3511ba87efca5ededa;vllm=unavailable;torch=unavailable
request-000018,18,batch,10593.907775692,10593.908678097,10594.893194839,10594.917864042,10598.534484363,1973,421,success,,slo_aware,cd936162134558b8c8691a91fc8780bc35aba11a99db7f5d4526aa6ce1b47fbd,1,python=3.11.14;driver=580.178.04;model_revision=c1899de289a04d12100db370d81485cdf75e47ca;config_hash=a0d18df2a0751f250758d97bf1f2b74d6020645c6fad4e3511ba87efca5ededa;vllm=unavailable;torch=unavailable
request-000019,19,interactive,10594.407775692,10594.408354944,10594.660954359,10594.686012523,10595.330553017,92,76,success,,slo_aware,cd936162134558b8c8691a91fc8780bc35aba11a99db7f5d4526aa6ce1b47fbd,1,python=3.11.14;driver=580.178.04;model_revision=c1899de289a04d12100db370d81485cdf75e47ca;config_hash=a0d18df2a0751f250758d97bf1f2b74d6020645c6fad4e3511ba87efca5ededa;vllm=unavailable;torch=unavailable
request-000020,20,interactive,10594.907775692,10594.908523072,10595.330573457,10595.354897875,10596.438969007,137,127,success,,slo_aware,cd936162134558b8c8691a91fc8780bc35aba11a99db7f5d4526aa6ce1b47fbd,1,python=3.11.14;driver=580.178.04;model_revision=c1899de289a04d12100db370d81485cdf75e47ca;config_hash=a0d18df2a0751f250758d97bf1f2b74d6020645c6fad4e3511ba87efca5ededa;vllm=unavailable;torch=unavailable
request-000021,21,interactive,10595.407775692,10595.407979478,10595.449964417,10595.475183822,10595.761420792,157,34,success,,slo_aware,cd936162134558b8c8691a91fc8780bc35aba11a99db7f5d4526aa6ce1b47fbd,1,python=3.11.14;driver=580.178.04;model_revision=c1899de289a04d12100db370d81485cdf75e47ca;config_hash=a0d18df2a0751f250758d97bf1f2b74d6020645c6fad4e3511ba87efca5ededa;vllm=unavailable;torch=unavailable
request-000022,22,interactive,10595.907775692,10595.908219117,10595.908248517,10595.931220999,10596.602963001,255,79,success,,slo_aware,cd936162134558b8c8691a91fc8780bc35aba11a99db7f5d4526aa6ce1b47fbd,1,python=3.11.14;driver=580.178.04;model_revision=c1899de289a04d12100db370d81485cdf75e47ca;config_hash=a0d18df2a0751f250758d97bf1f2b74d6020645c6fad4e3511ba87efca5ededa;vllm=unavailable;torch=unavailable
request-000023,23,batch,10596.407775692,10596.408143621,10596.408174787,10596.42976643,10599.182400416,1132,320,success,,slo_aware,cd936162134558b8c8691a91fc8780bc35aba11a99db7f5d4526aa6ce1b47fbd,1,python=3.11.14;driver=580.178.04;model_revision=c1899de289a04d12100db370d81485cdf75e47ca;config_hash=a0d18df2a0751f250758d97bf1f2b74d6020645c6fad4e3511ba87efca5ededa;vllm=unavailable;torch=unavailable
request-000024,24,batch,10596.907775692,10596.908919725,10596.908949788,10596.930241714,10599.475341549,967,296,success,,slo_aware,cd936162134558b8c8691a91fc8780bc35aba11a99db7f5d4526aa6ce1b47fbd,1,python=3.11.14;driver=580.178.04;model_revision=c1899de289a04d12100db370d81485cdf75e47ca;config_hash=a0d18df2a0751f250758d97bf1f2b74d6020645c6fad4e3511ba87efca5ededa;vllm=unavailable;torch=unavailable
request-000025,25,batch,10597.407775692,10597.408039796,10597.408083167,10597.429500244,10599.397643575,539,229,success,,slo_aware,cd936162134558b8c8691a91fc8780bc35aba11a99db7f5d4526aa6ce1b47fbd,1,python=3.11.14;driver=580.178.04;model_revision=c1899de289a04d12100db370d81485cdf75e47ca;config_hash=a0d18df2a0751f250758d97bf1f2b74d6020645c6fad4e3511ba87efca5ededa;vllm=unavailable;torch=unavailable
request-000026,26,interactive,10597.907775692,10597.908670684,10598.534498822,10598.558594203,10599.526926664,197,113,success,,slo_aware,cd936162134558b8c8691a91fc8780bc35aba11a99db7f5d4526aa6ce1b47fbd,1,python=3.11.14;driver=580.178.04;model_revision=c1899de289a04d12100db370d81485cdf75e47ca;config_hash=a0d18df2a0751f250758d97bf1f2b74d6020645c6fad4e3511ba87efca5ededa;vllm=unavailable;torch=unavailable
request-000027,27,batch,10598.407775692,10598.408869407,10599.182416116,10599.207401402,10602.790904638,1957,417,success,,slo_aware,cd936162134558b8c8691a91fc8780bc35aba11a99db7f5d4526aa6ce1b47fbd,1,python=3.11.14;driver=580.178.04;model_revision=c1899de289a04d12100db370d81485cdf75e47ca;config_hash=a0d18df2a0751f250758d97bf1f2b74d6020645c6fad4e3511ba87efca5ededa;vllm=unavailable;torch=unavailable
request-000028,28,batch,10598.907775692,10598.907993352,10599.397658082,10599.422813166,10600.512679896,700,128,success,,slo_aware,cd936162134558b8c8691a91fc8780bc35aba11a99db7f5d4526aa6ce1b47fbd,1,python=3.11.14;driver=580.178.04;model_revision=c1899de289a04d12100db370d81485cdf75e47ca;config_hash=a0d18df2a0751f250758d97bf1f2b74d6020645c6fad4e3511ba87efca5ededa;vllm=unavailable;torch=unavailable
request-000029,29,interactive,10599.407775692,10599.408126709,10599.475355292,10599.500431667,10599.941920712,193,52,success,,slo_aware,cd936162134558b8c8691a91fc8780bc35aba11a99db7f5d4526aa6ce1b47fbd,1,python=3.11.14;driver=580.178.04;model_revision=c1899de289a04d12100db370d81485cdf75e47ca;config_hash=a0d18df2a0751f250758d97bf1f2b74d6020645c6fad4e3511ba87efca5ededa;vllm=unavailable;torch=unavailable
request-000030,30,batch,10599.907775692,10599.908566613,10599.90859112,10599.932735303,10601.640648227,1279,200,success,,slo_aware,cd936162134558b8c8691a91fc8780bc35aba11a99db7f5d4526aa6ce1b47fbd,1,python=3.11.14;driver=580.178.04;model_revision=c1899de289a04d12100db370d81485cdf75e47ca;config_hash=a0d18df2a0751f250758d97bf1f2b74d6020645c6fad4e3511ba87efca5ededa;vllm=unavailable;torch=unavailable
request-000031,31,interactive,10600.407775692,10600.408150158,10600.408182495,10600.434409172,10601.083535079,213,76,success,,slo_aware,cd936162134558b8c8691a91fc8780bc35aba11a99db7f5d4526aa6ce1b47fbd,1,python=3.11.14;driver=580.178.04;model_revision=c1899de289a04d12100db370d81485cdf75e47ca;config_hash=a0d18df2a0751f250758d97bf1f2b74d6020645c6fad4e3511ba87efca5ededa;vllm=unavailable;torch=unavailable
request-000032,32,batch,10600.907775692,10600.908739056,10600.908768668,10600.93679804,10603.455931693,1071,293,success,,slo_aware,cd936162134558b8c8691a91fc8780bc35aba11a99db7f5d4526aa6ce1b47fbd,1,python=3.11.14;driver=580.178.04;model_revision=c1899de289a04d12100db370d81485cdf75e47ca;config_hash=a0d18df2a0751f250758d97bf1f2b74d6020645c6fad4e3511ba87efca5ededa;vllm=unavailable;torch=unavailable
request-000033,33,batch,10601.407775692,10601.408386364,10601.408415216,10601.430966848,10604.132822153,994,313,success,,slo_aware,cd936162134558b8c8691a91fc8780bc35aba11a99db7f5d4526aa6ce1b47fbd,1,python=3.11.14;driver=580.178.04;model_revision=c1899de289a04d12100db370d81485cdf75e47ca;config_hash=a0d18df2a0751f250758d97bf1f2b74d6020645c6fad4e3511ba87efca5ededa;vllm=unavailable;torch=unavailable
request-000034,34,interactive,10601.907775692,10601.90795471,10601.907986247,10601.932265053,10602.60983017,95,79,success,,slo_aware,cd936162134558b8c8691a91fc8780bc35aba11a99db7f5d4526aa6ce1b47fbd,1,python=3.11.14;driver=580.178.04;model_revision=c1899de289a04d12100db370d81485cdf75e47ca;config_hash=a0d18df2a0751f250758d97bf1f2b74d6020645c6fad4e3511ba87efca5ededa;vllm=unavailable;torch=unavailable
request-000035,35,batch,10602.407775692,10602.408536378,10602.609843905,10602.634639825,10605.062953339,1493,281,success,,slo_aware,cd936162134558b8c8691a91fc8780bc35aba11a99db7f5d4526aa6ce1b47fbd,1,python=3.11.14;driver=580.178.04;model_revision=c1899de289a04d12100db370d81485cdf75e47ca;config_hash=a0d18df2a0751f250758d97bf1f2b74d6020645c6fad4e3511ba87efca5ededa;vllm=unavailable;torch=unavailable
request-000036,36,interactive,10602.907775692,10602.908504316,10602.908542779,10602.936916366,10603.708656052,165,90,success,,slo_aware,cd936162134558b8c8691a91fc8780bc35aba11a99db7f5d4526aa6ce1b47fbd,1,python=3.11.14;driver=580.178.04;model_revision=c1899de289a04d12100db370d81485cdf75e47ca;config_hash=a0d18df2a0751f250758d97bf1f2b74d6020645c6fad4e3511ba87efca5ededa;vllm=unavailable;torch=unavailable
request-000037,37,batch,10603.407775692,10603.408581071,10603.455945514,10603.480684466,10606.523170844,1575,352,success,,slo_aware,cd936162134558b8c8691a91fc8780bc35aba11a99db7f5d4526aa6ce1b47fbd,1,python=3.11.14;driver=580.178.04;model_revision=c1899de289a04d12100db370d81485cdf75e47ca;config_hash=a0d18df2a0751f250758d97bf1f2b74d6020645c6fad4e3511ba87efca5ededa;vllm=unavailable;torch=unavailable
request-000038,38,batch,10603.907775692,10603.908046986,10603.908077934,10603.931940295,10606.047574614,1975,245,success,,slo_aware,cd936162134558b8c8691a91fc8780bc35aba11a99db7f5d4526aa6ce1b47fbd,1,python=3.11.14;driver=580.178.04;model_revision=c1899de289a04d12100db370d81485cdf75e47ca;config_hash=a0d18df2a0751f250758d97bf1f2b74d6020645c6fad4e3511ba87efca5ededa;vllm=unavailable;torch=unavailable
request-000039,39,batch,10604.407775692,10604.408151271,10604.408181997,10604.436211858,10606.81787796,882,276,success,,slo_aware,cd936162134558b8c8691a91fc8780bc35aba11a99db7f5d4526aa6ce1b47fbd,1,python=3.11.14;driver=580.178.04;model_revision=c1899de289a04d12100db370d81485cdf75e47ca;config_hash=a0d18df2a0751f250758d97bf1f2b74d6020645c6fad4e3511ba87efca5ededa;vllm=unavailable;torch=unavailable
request-000040,40,interactive,10604.907775692,10604.908029222,10605.062966793,10605.088020088,10605.529985111,107,52,success,,slo_aware,cd936162134558b8c8691a91fc8780bc35aba11a99db7f5d4526aa6ce1b47fbd,1,python=3.11.14;driver=580.178.04;model_revision=c1899de289a04d12100db370d81485cdf75e47ca;config_hash=a0d18df2a0751f250758d97bf1f2b74d6020645c6fad4e3511ba87efca5ededa;vllm=unavailable;torch=unavailable
request-000041,41,batch,10605.407775692,10605.40839587,10605.529998217,10605.554300223,10608.703431427,1579,367,success,,slo_aware,cd936162134558b8c8691a91fc8780bc35aba11a99db7f5d4526aa6ce1b47fbd,1,python=3.11.14;driver=580.178.04;model_revision=c1899de289a04d12100db370d81485cdf75e47ca;config_hash=a0d18df2a0751f250758d97bf1f2b74d6020645c6fad4e3511ba87efca5ededa;vllm=unavailable;torch=unavailable
request-000042,42,batch,10605.907775692,10605.908176016,10606.047587966,10606.072629405,10608.669221971,1568,303,success,,slo_aware,cd936162134558b8c8691a91fc8780bc35aba11a99db7f5d4526aa6ce1b47fbd,1,python=3.11.14;driver=580.178.04;model_revision=c1899de289a04d12100db370d81485cdf75e47ca;config_hash=a0d18df2a0751f250758d97bf1f2b74d6020645c6fad4e3511ba87efca5ededa;vllm=unavailable;torch=unavailable
request-000043,43,batch,10606.407775692,10606.408778955,10606.523184358,10606.548015749,10607.697523009,518,134,success,,slo_aware,cd936162134558b8c8691a91fc8780bc35aba11a99db7f5d4526aa6ce1b47fbd,1,python=3.11.14;driver=580.178.04;model_revision=c1899de289a04d12100db370d81485cdf75e47ca;config_hash=a0d18df2a0751f250758d97bf1f2b74d6020645c6fad4e3511ba87efca5ededa;vllm=unavailable;torch=unavailable
request-000044,44,interactive,10606.907775692,10606.908833179,10606.908885718,10606.929760071,10607.903054534,197,114,success,,slo_aware,cd936162134558b8c8691a91fc8780bc35aba11a99db7f5d4526aa6ce1b47fbd,1,python=3.11.14;driver=580.178.04;model_revision=c1899de289a04d12100db370d81485cdf75e47ca;config_hash=a0d18df2a0751f250758d97bf1f2b74d6020645c6fad4e3511ba87efca5ededa;vllm=unavailable;torch=unavailable
request-000045,45,interactive,10607.407775692,10607.40792403,10607.697543446,10607.722252629,10608.430643607,212,84,success,,slo_aware,cd936162134558b8c8691a91fc8780bc35aba11a99db7f5d4526aa6ce1b47fbd,1,python=3.11.14;driver=580.178.04;model_revision=c1899de289a04d12100db370d81485cdf75e47ca;config_hash=a0d18df2a0751f250758d97bf1f2b74d6020645c6fad4e3511ba87efca5ededa;vllm=unavailable;torch=unavailable
request-000046,46,interactive,10607.907775692,10607.908289689,10607.908314487,10607.936421729,10608.515787503,70,69,success,,slo_aware,cd936162134558b8c8691a91fc8780bc35aba11a99db7f5d4526aa6ce1b47fbd,1,python=3.11.14;driver=580.178.04;model_revision=c1899de289a04d12100db370d81485cdf75e47ca;config_hash=a0d18df2a0751f250758d97bf1f2b74d6020645c6fad4e3511ba87efca5ededa;vllm=unavailable;torch=unavailable
request-000047,47,interactive,10608.407775692,10608.408862704,10608.430662116,10608.455651134,10609.359829217,140,108,success,,slo_aware,cd936162134558b8c8691a91fc8780bc35aba11a99db7f5d4526aa6ce1b47fbd,1,python=3.11.14;driver=580.178.04;model_revision=c1899de289a04d12100db370d81485cdf75e47ca;config_hash=a0d18df2a0751f250758d97bf1f2b74d6020645c6fad4e3511ba87efca5ededa;vllm=unavailable;torch=unavailable
request-000048,48,batch,10608.907775692,10608.907984604,10608.908013043,10608.93133662,10613.023179859,1177,482,success,,slo_aware,cd936162134558b8c8691a91fc8780bc35aba11a99db7f5d4526aa6ce1b47fbd,1,python=3.11.14;driver=580.178.04;model_revision=c1899de289a04d12100db370d81485cdf75e47ca;config_hash=a0d18df2a0751f250758d97bf1f2b74d6020645c6fad4e3511ba87efca5ededa;vllm=unavailable;torch=unavailable
request-000049,49,interactive,10609.407775692,10609.408175025,10609.40821325,10609.431343488,10609.738555927,67,37,success,,slo_aware,cd936162134558b8c8691a91fc8780bc35aba11a99db7f5d4526aa6ce1b47fbd,1,python=3.11.14;driver=580.178.04;model_revision=c1899de289a04d12100db370d81485cdf75e47ca;config_hash=a0d18df2a0751f250758d97bf1f2b74d6020645c6fad4e3511ba87efca5ededa;vllm=unavailable;torch=unavailable
request-000050,50,interactive,10609.907775692,10609.908746496,10609.90877731,10609.9355304,10610.538972613,209,72,success,,slo_aware,cd936162134558b8c8691a91fc8780bc35aba11a99db7f5d4526aa6ce1b47fbd,1,python=3.11.14;driver=580.178.04;model_revision=c1899de289a04d12100db370d81485cdf75e47ca;config_hash=a0d18df2a0751f250758d97bf1f2b74d6020645c6fad4e3511ba87efca5ededa;vllm=unavailable;torch=unavailable
request-000051,51,batch,10610.407775692,10610.408474405,10610.408503964,10610.436761737,10611.778059165,1232,158,success,,slo_aware,cd936162134558b8c8691a91fc8780bc35aba11a99db7f5d4526aa6ce1b47fbd,1,python=3.11.14;driver=580.178.04;model_revision=c1899de289a04d12100db370d81485cdf75e47ca;config_hash=a0d18df2a0751f250758d97bf1f2b74d6020645c6fad4e3511ba87efca5ededa;vllm=unavailable;torch=unavailable
request-000052,52,batch,10610.907775692,10610.908408416,10610.908448086,10610.930820855,10613.353481468,1828,285,success,,slo_aware,cd936162134558b8c8691a91fc8780bc35aba11a99db7f5d4526aa6ce1b47fbd,1,python=3.11.14;driver=580.178.04;model_revision=c1899de289a04d12100db370d81485cdf75e47ca;config_hash=a0d18df2a0751f250758d97bf1f2b74d6020645c6fad4e3511ba87efca5ededa;vllm=unavailable;torch=unavailable
request-000053,53,batch,10611.407775692,10611.408400582,10611.4084402,10611.438035214,10613.854977865,845,285,success,,slo_aware,cd936162134558b8c8691a91fc8780bc35aba11a99db7f5d4526aa6ce1b47fbd,1,python=3.11.14;driver=580.178.04;model_revision=c1899de289a04d12100db370d81485cdf75e47ca;config_hash=a0d18df2a0751f250758d97bf1f2b74d6020645c6fad4e3511ba87efca5ededa;vllm=unavailable;torch=unavailable
request-000054,54,interactive,10611.907775692,10611.907986738,10611.908019032,10611.930010431,10612.884967961,208,113,success,,slo_aware,cd936162134558b8c8691a91fc8780bc35aba11a99db7f5d4526aa6ce1b47fbd,1,python=3.11.14;driver=580.178.04;model_revision=c1899de289a04d12100db370d81485cdf75e47ca;config_hash=a0d18df2a0751f250758d97bf1f2b74d6020645c6fad4e3511ba87efca5ededa;vllm=unavailable;torch=unavailable
request-000055,55,interactive,10612.407775692,10612.407908809,10612.884982188,10612.90897077,10613.871986261,237,115,success,,slo_aware,cd936162134558b8c8691a91fc8780bc35aba11a99db7f5d4526aa6ce1b47fbd,1,python=3.11.14;driver=580.178.04;model_revision=c1899de289a04d12100db370d81485cdf75e47ca;config_hash=a0d18df2a0751f250758d97bf1f2b74d6020645c6fad4e3511ba87efca5ededa;vllm=unavailable;torch=unavailable
request-000056,56,interactive,10612.907775692,10612.908800606,10613.023194417,10613.047953728,10613.395656439,223,42,success,,slo_aware,cd936162134558b8c8691a91fc8780bc35aba11a99db7f5d4526aa6ce1b47fbd,1,python=3.11.14;driver=580.178.04;model_revision=c1899de289a04d12100db370d81485cdf75e47ca;config_hash=a0d18df2a0751f250758d97bf1f2b74d6020645c6fad4e3511ba87efca5ededa;vllm=unavailable;torch=unavailable
request-000057,57,interactive,10613.407775692,10613.407860488,10613.407884483,10613.428453384,10613.871975205,104,54,success,,slo_aware,cd936162134558b8c8691a91fc8780bc35aba11a99db7f5d4526aa6ce1b47fbd,1,python=3.11.14;driver=580.178.04;model_revision=c1899de289a04d12100db370d81485cdf75e47ca;config_hash=a0d18df2a0751f250758d97bf1f2b74d6020645c6fad4e3511ba87efca5ededa;vllm=unavailable;torch=unavailable
request-000058,58,interactive,10613.907775692,10613.909286601,10613.90931143,10613.92747407,10614.997228886,229,128,success,,slo_aware,cd936162134558b8c8691a91fc8780bc35aba11a99db7f5d4526aa6ce1b47fbd,1,python=3.11.14;driver=580.178.04;model_revision=c1899de289a04d12100db370d81485cdf75e47ca;config_hash=a0d18df2a0751f250758d97bf1f2b74d6020645c6fad4e3511ba87efca5ededa;vllm=unavailable;torch=unavailable
request-000059,59,batch,10614.407775692,10614.408492444,10614.408531761,10614.436789664,10616.510607052,1601,244,success,,slo_aware,cd936162134558b8c8691a91fc8780bc35aba11a99db7f5d4526aa6ce1b47fbd,1,python=3.11.14;driver=580.178.04;model_revision=c1899de289a04d12100db370d81485cdf75e47ca;config_hash=a0d18df2a0751f250758d97bf1f2b74d6020645c6fad4e3511ba87efca5ededa;vllm=unavailable;torch=unavailable
request-000060,60,interactive,10614.907775692,10614.908209997,10614.908239828,10614.928624626,10615.256217469,139,39,success,,slo_aware,cd936162134558b8c8691a91fc8780bc35aba11a99db7f5d4526aa6ce1b47fbd,1,python=3.11.14;driver=580.178.04;model_revision=c1899de289a04d12100db370d81485cdf75e47ca;config_hash=a0d18df2a0751f250758d97bf1f2b74d6020645c6fad4e3511ba87efca5ededa;vllm=unavailable;torch=unavailable
request-000061,61,batch,10615.407775692,10615.408675654,10615.408705509,10615.435660885,10616.867493079,1681,167,success,,slo_aware,cd936162134558b8c8691a91fc8780bc35aba11a99db7f5d4526aa6ce1b47fbd,1,python=3.11.14;driver=580.178.04;model_revision=c1899de289a04d12100db370d81485cdf75e47ca;config_hash=a0d18df2a0751f250758d97bf1f2b74d6020645c6fad4e3511ba87efca5ededa;vllm=unavailable;torch=unavailable
request-000062,62,batch,10615.907775692,10615.908588052,10615.908627442,10615.932370354,10618.939300117,2004,349,success,,slo_aware,cd936162134558b8c8691a91fc8780bc35aba11a99db7f5d4526aa6ce1b47fbd,1,python=3.11.14;driver=580.178.04;model_revision=c1899de289a04d12100db370d81485cdf75e47ca;config_hash=a0d18df2a0751f250758d97bf1f2b74d6020645c6fad4e3511ba87efca5ededa;vllm=unavailable;torch=unavailable
request-000063,63,interactive,10616.407775692,10616.408010042,10616.408035243,10616.432176584,10617.178922374,114,87,success,,slo_aware,cd936162134558b8c8691a91fc8780bc35aba11a99db7f5d4526aa6ce1b47fbd,1,python=3.11.14;driver=580.178.04;model_revision=c1899de289a04d12100db370d81485cdf75e47ca;config_hash=a0d18df2a0751f250758d97bf1f2b74d6020645c6fad4e3511ba87efca5ededa;vllm=unavailable;torch=unavailable
request-000064,64,batch,10616.907775692,10616.908775283,10616.908816958,10616.935677677,10618.254043147,1587,152,success,,slo_aware,cd936162134558b8c8691a91fc8780bc35aba11a99db7f5d4526aa6ce1b47fbd,1,python=3.11.14;driver=580.178.04;model_revision=c1899de289a04d12100db370d81485cdf75e47ca;config_hash=a0d18df2a0751f250758d97bf1f2b74d6020645c6fad4e3511ba87efca5ededa;vllm=unavailable;torch=unavailable
request-000000,0,interactive,10618.939749203,10618.939950711,10618.939963416,10618.960421246,10619.935946668,254,118,success,,slo_aware,cd936162134558b8c8691a91fc8780bc35aba11a99db7f5d4526aa6ce1b47fbd,2,python=3.11.14;driver=580.178.04;model_revision=c1899de289a04d12100db370d81485cdf75e47ca;config_hash=a0d18df2a0751f250758d97bf1f2b74d6020645c6fad4e3511ba87efca5ededa;vllm=unavailable;torch=unavailable
request-000001,1,interactive,10619.439749203,10619.440013692,10619.440043071,10619.463723476,10619.87733353,198,49,success,,slo_aware,cd936162134558b8c8691a91fc8780bc35aba11a99db7f5d4526aa6ce1b47fbd,2,python=3.11.14;driver=580.178.04;model_revision=c1899de289a04d12100db370d81485cdf75e47ca;config_hash=a0d18df2a0751f250758d97bf1f2b74d6020645c6fad4e3511ba87efca5ededa;vllm=unavailable;torch=unavailable
request-000002,2,batch,10619.939749203,10619.940217904,10619.940234702,10619.959871936,10622.107098664,892,254,success,,slo_aware,cd936162134558b8c8691a91fc8780bc35aba11a99db7f5d4526aa6ce1b47fbd,2,python=3.11.14;driver=580.178.04;model_revision=c1899de289a04d12100db370d81485cdf75e47ca;config_hash=a0d18df2a0751f250758d97bf1f2b74d6020645c6fad4e3511ba87efca5ededa;vllm=unavailable;torch=unavailable
request-000003,3,interactive,10620.439749203,10620.440340614,10620.440378143,10620.468380113,10620.932130619,118,55,success,,slo_aware,cd936162134558b8c8691a91fc8780bc35aba11a99db7f5d4526aa6ce1b47fbd,2,python=3.11.14;driver=580.178.04;model_revision=c1899de289a04d12100db370d81485cdf75e47ca;config_hash=a0d18df2a0751f250758d97bf1f2b74d6020645c6fad4e3511ba87efca5ededa;vllm=unavailable;torch=unavailable
request-000004,4,batch,10620.939749203,10620.940707468,10620.940733085,10620.964471154,10622.081633009,2046,131,success,,slo_aware,cd936162134558b8c8691a91fc8780bc35aba11a99db7f5d4526aa6ce1b47fbd,2,python=3.11.14;driver=580.178.04;model_revision=c1899de289a04d12100db370d81485cdf75e47ca;config_hash=a0d18df2a0751f250758d97bf1f2b74d6020645c6fad4e3511ba87efca5ededa;vllm=unavailable;torch=unavailable
request-000005,5,batch,10621.439749203,10621.439981505,10621.440010029,10621.460898876,10623.670208452,1040,257,success,,slo_aware,cd936162134558b8c8691a91fc8780bc35aba11a99db7f5d4526aa6ce1b47fbd,2,python=3.11.14;driver=580.178.04;model_revision=c1899de289a04d12100db370d81485cdf75e47ca;config_hash=a0d18df2a0751f250758d97bf1f2b74d6020645c6fad4e3511ba87efca5ededa;vllm=unavailable;torch=unavailable
request-000006,6,batch,10621.939749203,10621.940056146,10621.940091097,10621.96811467,10624.830180771,589,332,success,,slo_aware,cd936162134558b8c8691a91fc8780bc35aba11a99db7f5d4526aa6ce1b47fbd,2,python=3.11.14;driver=580.178.04;model_revision=c1899de289a04d12100db370d81485cdf75e47ca;config_hash=a0d18df2a0751f250758d97bf1f2b74d6020645c6fad4e3511ba87efca5ededa;vllm=unavailable;torch=unavailable
request-000007,7,batch,10622.439749203,10622.439905381,10622.439943728,10622.460540353,10625.600866701,578,364,success,,slo_aware,cd936162134558b8c8691a91fc8780bc35aba11a99db7f5d4526aa6ce1b47fbd,2,python=3.11.14;driver=580.178.04;model_revision=c1899de289a04d12100db370d81485cdf75e47ca;config_hash=a0d18df2a0751f250758d97bf1f2b74d6020645c6fad4e3511ba87efca5ededa;vllm=unavailable;torch=unavailable
request-000008,8,interactive,10622.939749203,10622.940297666,10622.940334404,10622.96697925,10623.42672149,94,54,success,,slo_aware,cd936162134558b8c8691a91fc8780bc35aba11a99db7f5d4526aa6ce1b47fbd,2,python=3.11.14;driver=580.178.04;model_revision=c1899de289a04d12100db370d81485cdf75e47ca;config_hash=a0d18df2a0751f250758d97bf1f2b74d6020645c6fad4e3511ba87efca5ededa;vllm=unavailable;torch=unavailable
request-000009,9,interactive,10623.439749203,10623.440043656,10623.440069011,10623.460503686,10623.834831447,68,44,success,,slo_aware,cd936162134558b8c8691a91fc8780bc35aba11a99db7f5d4526aa6ce1b47fbd,2,python=3.11.14;driver=580.178.04;model_revision=c1899de289a04d12100db370d81485cdf75e47ca;config_hash=a0d18df2a0751f250758d97bf1f2b74d6020645c6fad4e3511ba87efca5ededa;vllm=unavailable;torch=unavailable
request-000010,10,batch,10623.939749203,10623.94027401,10623.940303523,10623.963692394,10627.30279187,611,388,success,,slo_aware,cd936162134558b8c8691a91fc8780bc35aba11a99db7f5d4526aa6ce1b47fbd,2,python=3.11.14;driver=580.178.04;model_revision=c1899de289a04d12100db370d81485cdf75e47ca;config_hash=a0d18df2a0751f250758d97bf1f2b74d6020645c6fad4e3511ba87efca5ededa;vllm=unavailable;torch=unavailable
request-000011,11,batch,10624.439749203,10624.440584495,10624.440623953,10624.466278601,10626.282795979,1163,211,success,,slo_aware,cd936162134558b8c8691a91fc8780bc35aba11a99db7f5d4526aa6ce1b47fbd,2,python=3.11.14;driver=580.178.04;model_revision=c1899de289a04d12100db370d81485cdf75e47ca;config_hash=a0d18df2a0751f250758d97bf1f2b74d6020645c6fad4e3511ba87efca5ededa;vllm=unavailable;torch=unavailable
request-000012,12,interactive,10624.939749203,10624.940306675,10624.940336431,10624.968011926,10625.403602177,249,51,success,,slo_aware,cd936162134558b8c8691a91fc8780bc35aba11a99db7f5d4526aa6ce1b47fbd,2,python=3.11.14;driver=580.178.04;model_revision=c1899de289a04d12100db370d81485cdf75e47ca;config_hash=a0d18df2a0751f250758d97bf1f2b74d6020645c6fad4e3511ba87efca5ededa;vllm=unavailable;torch=unavailable
request-000013,13,batch,10625.439749203,10625.440645213,10625.440668793,10625.462753174,10628.481245061,798,352,success,,slo_aware,cd936162134558b8c8691a91fc8780bc35aba11a99db7f5d4526aa6ce1b47fbd,2,python=3.11.14;driver=580.178.04;model_revision=c1899de289a04d12100db370d81485cdf75e47ca;config_hash=a0d18df2a0751f250758d97bf1f2b74d6020645c6fad4e3511ba87efca5ededa;vllm=unavailable;torch=unavailable
request-000014,14,batch,10625.939749203,10625.940379846,10625.940418326,10625.970064782,10628.834709808,1990,334,success,,slo_aware,cd936162134558b8c8691a91fc8780bc35aba11a99db7f5d4526aa6ce1b47fbd,2,python=3.11.14;driver=580.178.04;model_revision=c1899de289a04d12100db370d81485cdf75e47ca;config_hash=a0d18df2a0751f250758d97bf1f2b74d6020645c6fad4e3511ba87efca5ededa;vllm=unavailable;torch=unavailable
request-000015,15,batch,10626.439749203,10626.440596013,10626.440624911,10626.469056487,10628.987982092,541,294,success,,slo_aware,cd936162134558b8c8691a91fc8780bc35aba11a99db7f5d4526aa6ce1b47fbd,2,python=3.11.14;driver=580.178.04;model_revision=c1899de289a04d12100db370d81485cdf75e47ca;config_hash=a0d18df2a0751f250758d97bf1f2b74d6020645c6fad4e3511ba87efca5ededa;vllm=unavailable;torch=unavailable
request-000016,16,batch,10626.939749203,10626.939994579,10627.30280592,10627.327492875,10630.763072091,945,400,success,,slo_aware,cd936162134558b8c8691a91fc8780bc35aba11a99db7f5d4526aa6ce1b47fbd,2,python=3.11.14;driver=580.178.04;model_revision=c1899de289a04d12100db370d81485cdf75e47ca;config_hash=a0d18df2a0751f250758d97bf1f2b74d6020645c6fad4e3511ba87efca5ededa;vllm=unavailable;torch=unavailable
request-000017,17,batch,10627.439749203,10627.440785767,10628.481259778,10628.505789672,10629.695084043,719,139,success,,slo_aware,cd936162134558b8c8691a91fc8780bc35aba11a99db7f5d4526aa6ce1b47fbd,2,python=3.11.14;driver=580.178.04;model_revision=c1899de289a04d12100db370d81485cdf75e47ca;config_hash=a0d18df2a0751f250758d97bf1f2b74d6020645c6fad4e3511ba87efca5ededa;vllm=unavailable;torch=unavailable
request-000018,18,batch,10627.939749203,10627.940864997,10628.98799747,10629.01295157,10632.331412655,1973,385,success,,slo_aware,cd936162134558b8c8691a91fc8780bc35aba11a99db7f5d4526aa6ce1b47fbd,2,python=3.11.14;driver=580.178.04;model_revision=c1899de289a04d12100db370d81485cdf75e47ca;config_hash=a0d18df2a0751f250758d97bf1f2b74d6020645c6fad4e3511ba87efca5ededa;vllm=unavailable;torch=unavailable
request-000019,19,interactive,10628.439749203,10628.440399432,10628.834725205,10628.85930897,10629.50541444,92,76,success,,slo_aware,cd936162134558b8c8691a91fc8780bc35aba11a99db7f5d4526aa6ce1b47fbd,2,python=3.11.14;driver=580.178.04;model_revision=c1899de289a04d12100db370d81485cdf75e47ca;config_hash=a0d18df2a0751f250758d97bf1f2b74d6020645c6fad4e3511ba87efca5ededa;vllm=unavailable;torch=unavailable
request-000020,20,interactive,10628.939749203,10628.939964622,10629.505428973,10629.530300758,10630.615902574,137,127,success,,slo_aware,cd936162134558b8c8691a91fc8780bc35aba11a99db7f5d4526aa6ce1b47fbd,2,python=3.11.14;driver=580.178.04;model_revision=c1899de289a04d12100db370d81485cdf75e47ca;config_hash=a0d18df2a0751f250758d97bf1f2b74d6020645c6fad4e3511ba87efca5ededa;vllm=unavailable;torch=unavailable
request-000021,21,interactive,10629.439749203,10629.439975547,10629.69509796,10629.719708696,10630.00323445,157,34,success,,slo_aware,cd936162134558b8c8691a91fc8780bc35aba11a99db7f5d4526aa6ce1b47fbd,2,python=3.11.14;driver=580.178.04;model_revision=c1899de289a04d12100db370d81485cdf75e47ca;config_hash=a0d18df2a0751f250758d97bf1f2b74d6020645c6fad4e3511ba87efca5ededa;vllm=unavailable;torch=unavailable
request-000022,22,interactive,10629.939749203,10629.940172933,10630.003248708,10630.028122431,10630.702418535,255,79,success,,slo_aware,cd936162134558b8c8691a91fc8780bc35aba11a99db7f5d4526aa6ce1b47fbd,2,python=3.11.14;driver=580.178.04;model_revision=c1899de289a04d12100db370d81485cdf75e47ca;config_hash=a0d18df2a0751f250758d97bf1f2b74d6020645c6fad4e3511ba87efca5ededa;vllm=unavailable;torch=unavailable
request-000023,23,batch,10630.439749203,10630.44073425,10630.61591693,10630.64086232,10633.730474395,1132,359,success,,slo_aware,cd936162134558b8c8691a91fc8780bc35aba11a99db7f5d4526aa6ce1b47fbd,2,python=3.11.14;driver=580.178.04;model_revision=c1899de289a04d12100db370d81485cdf75e47ca;config_hash=a0d18df2a0751f250758d97bf1f2b74d6020645c6fad4e3511ba87efca5ededa;vllm=unavailable;torch=unavailable
request-000024,24,batch,10630.939749203,10630.939986171,10630.940018917,10630.961213433,10633.508204668,967,296,success,,slo_aware,cd936162134558b8c8691a91fc8780bc35aba11a99db7f5d4526aa6ce1b47fbd,2,python=3.11.14;driver=580.178.04;model_revision=c1899de289a04d12100db370d81485cdf75e47ca;config_hash=a0d18df2a0751f250758d97bf1f2b74d6020645c6fad4e3511ba87efca5ededa;vllm=unavailable;torch=unavailable
request-000025,25,batch,10631.439749203,10631.440474952,10631.440505652,10631.464638617,10633.431587895,539,229,success,,slo_aware,cd936162134558b8c8691a91fc8780bc35aba11a99db7f5d4526aa6ce1b47fbd,2,python=3.11.14;driver=580.178.04;model_revision=c1899de289a04d12100db370d81485cdf75e47ca;config_hash=a0d18df2a0751f250758d97bf1f2b74d6020645c6fad4e3511ba87efca5ededa;vllm=unavailable;torch=unavailable
request-000026,26,interactive,10631.939749203,10631.940038416,10632.331432568,10632.35565511,10633.321504843,197,113,success,,slo_aware,cd936162134558b8c8691a91fc8780bc35aba11a99db7f5d4526aa6ce1b47fbd,2,python=3.11.14;driver=580.178.04;model_revision=c1899de289a04d12100db370d81485cdf75e47ca;config_hash=a0d18df2a0751f250758d97bf1f2b74d6020645c6fad4e3511ba87efca5ededa;vllm=unavailable;torch=unavailable
request-000027,27,batch,10632.439749203,10632.439924235,10633.321526436,10633.345750942,10635.752114092,1957,290,success,,slo_aware,cd936162134558b8c8691a91fc8780bc35aba11a99db7f5d4526aa6ce1b47fbd,2,python=3.11.14;driver=580.178.04;model_revision=c1899de289a04d12100db370d81485cdf75e47ca;config_hash=a0d18df2a0751f250758d97bf1f2b74d6020645c6fad4e3511ba87efca5ededa;vllm=unavailable;torch=unavailable
request-000028,28,batch,10632.939749203,10632.940219648,10633.431601498,10633.456165061,10634.545607299,700,128,success,,slo_aware,cd936162134558b8c8691a91fc8780bc35aba11a99db7f5d4526aa6ce1b47fbd,2,python=3.11.14;driver=580.178.04;model_revision=c1899de289a04d12100db370d81485cdf75e47ca;config_hash=a0d18df2a0751f250758d97bf1f2b74d6020645c6fad4e3511ba87efca5ededa;vllm=unavailable;torch=unavailable
request-000029,29,interactive,10633.439749203,10633.440780573,10633.508217983,10633.533029101,10633.969807071,193,52,success,,slo_aware,cd936162134558b8c8691a91fc8780bc35aba11a99db7f5d4526aa6ce1b47fbd,2,python=3.11.14;driver=580.178.04;model_revision=c1899de289a04d12100db370d81485cdf75e47ca;config_hash=a0d18df2a0751f250758d97bf1f2b74d6020645c6fad4e3511ba87efca5ededa;vllm=unavailable;torch=unavailable
request-000030,30,batch,10633.939749203,10633.940839852,10633.940866199,10633.961067246,10635.5998074,1279,200,success,,slo_aware,cd936162134558b8c8691a91fc8780bc35aba11a99db7f5d4526aa6ce1b47fbd,2,python=3.11.14;driver=580.178.04;model_revision=c1899de289a04d12100db370d81485cdf75e47ca;config_hash=a0d18df2a0751f250758d97bf1f2b74d6020645c6fad4e3511ba87efca5ededa;vllm=unavailable;torch=unavailable
request-000031,31,interactive,10634.439749203,10634.440531581,10634.440560538,10634.468125205,10635.068599506,213,76,success,,slo_aware,cd936162134558b8c8691a91fc8780bc35aba11a99db7f5d4526aa6ce1b47fbd,2,python=3.11.14;driver=580.178.04;model_revision=c1899de289a04d12100db370d81485cdf75e47ca;config_hash=a0d18df2a0751f250758d97bf1f2b74d6020645c6fad4e3511ba87efca5ededa;vllm=unavailable;torch=unavailable
request-000032,32,batch,10634.939749203,10634.940737494,10634.940761007,10634.960798461,10637.670233964,1071,323,success,,slo_aware,cd936162134558b8c8691a91fc8780bc35aba11a99db7f5d4526aa6ce1b47fbd,2,python=3.11.14;driver=580.178.04;model_revision=c1899de289a04d12100db370d81485cdf75e47ca;config_hash=a0d18df2a0751f250758d97bf1f2b74d6020645c6fad4e3511ba87efca5ededa;vllm=unavailable;torch=unavailable
request-000033,33,batch,10635.439749203,10635.44061595,10635.440645652,10635.463689808,10638.121343568,994,313,success,,slo_aware,cd936162134558b8c8691a91fc8780bc35aba11a99db7f5d4526aa6ce1b47fbd,2,python=3.11.14;driver=580.178.04;model_revision=c1899de289a04d12100db370d81485cdf75e47ca;config_hash=a0d18df2a0751f250758d97bf1f2b74d6020645c6fad4e3511ba87efca5ededa;vllm=unavailable;torch=unavailable
request-000034,34,interactive,10635.939749203,10635.940654385,10635.940691239,10635.962371456,10636.63041213,95,79,success,,slo_aware,cd936162134558b8c8691a91fc8780bc35aba11a99db7f5d4526aa6ce1b47fbd,2,python=3.11.14;driver=580.178.04;model_revision=c1899de289a04d12100db370d81485cdf75e47ca;config_hash=a0d18df2a0751f250758d97bf1f2b74d6020645c6fad4e3511ba87efca5ededa;vllm=unavailable;torch=unavailable
request-000035,35,batch,10636.439749203,10636.440528044,10636.440556025,10636.46770459,10638.827610168,1493,278,success,,slo_aware,cd936162134558b8c8691a91fc8780bc35aba11a99db7f5d4526aa6ce1b47fbd,2,python=3.11.14;driver=580.178.04;model_revision=c1899de289a04d12100db370d81485cdf75e47ca;config_hash=a0d18df2a0751f250758d97bf1f2b74d6020645c6fad4e3511ba87efca5ededa;vllm=unavailable;torch=unavailable
request-000036,36,interactive,10636.939749203,10636.94051257,10636.940542476,10636.969130679,10637.729634234,165,90,success,,slo_aware,cd936162134558b8c8691a91fc8780bc35aba11a99db7f5d4526aa6ce1b47fbd,2,python=3.11.14;driver=580.178.04;model_revision=c1899de289a04d12100db370d81485cdf75e47ca;config_hash=a0d18df2a0751f250758d97bf1f2b74d6020645c6fad4e3511ba87efca5ededa;vllm=unavailable;torch=unavailable
request-000037,37,batch,10637.439749203,10637.440461171,10637.670247242,10637.694800268,10640.751368907,1575,359,success,,slo_aware,cd936162134558b8c8691a91fc8780bc35aba11a99db7f5d4526aa6ce1b47fbd,2,python=3.11.14;driver=580.178.04;model_revision=c1899de289a04d12100db370d81485cdf75e47ca;config_hash=a0d18df2a0751f250758d97bf1f2b74d6020645c6fad4e3511ba87efca5ededa;vllm=unavailable;torch=unavailable
request-000038,38,batch,10637.939749203,10637.940419176,10637.940456234,10637.966767384,10640.049990924,1975,245,success,,slo_aware,cd936162134558b8c8691a91fc8780bc35aba11a99db7f5d4526aa6ce1b47fbd,2,python=3.11.14;driver=580.178.04;model_revision=c1899de289a04d12100db370d81485cdf75e47ca;config_hash=a0d18df2a0751f250758d97bf1f2b74d6020645c6fad4e3511ba87efca5ededa;vllm=unavailable;torch=unavailable
request-000039,39,batch,10638.439749203,10638.439982901,10638.440022791,10638.468462535,10640.819980863,882,276,success,,slo_aware,cd936162134558b8c8691a91fc8780bc35aba11a99db7f5d4526aa6ce1b47fbd,2,python=3.11.14;driver=580.178.04;model_revision=c1899de289a04d12100db370d81485cdf75e47ca;config_hash=a0d18df2a0751f250758d97bf1f2b74d6020645c6fad4e3511ba87efca5ededa;vllm=unavailable;torch=unavailable
request-000040,40,interactive,10638.939749203,10638.940144648,10638.940175169,10638.964058143,10639.403245765,107,52,success,,slo_aware,cd936162134558b8c8691a91fc8780bc35aba11a99db7f5d4526aa6ce1b47fbd,2,python=3.11.14;driver=580.178.04;model_revision=c1899de289a04d12100db370d81485cdf75e47ca;config_hash=a0d18df2a0751f250758d97bf1f2b74d6020645c6fad4e3511ba87efca5ededa;vllm=unavailable;torch=unavailable
request-000041,41,batch,10639.439749203,10639.43991171,10639.439939179,10639.462183302,10642.518276457,1579,359,success,,slo_aware,cd936162134558b8c8691a91fc8780bc35aba11a99db7f5d4526aa6ce1b47fbd,2,python=3.11.14;driver=580.178.04;model_revision=c1899de289a04d12100db370d81485cdf75e47ca;config_hash=a0d18df2a0751f250758d97bf1f2b74d6020645c6fad4e3511ba87efca5ededa;vllm=unavailable;torch=unavailable
request-000042,42,batch,10639.939749203,10639.940173376,10640.05001857,10640.075020235,10642.656079655,1568,303,success,,slo_aware,cd936162134558b8c8691a91fc8780bc35aba11a99db7f5d4526aa6ce1b47fbd,2,python=3.11.14;driver=580.178.04;model_revision=c1899de289a04d12100db370d81485cdf75e47ca;config_hash=a0d18df2a0751f250758d97bf1f2b74d6020645c6fad4e3511ba87efca5ededa;vllm=unavailable;torch=unavailable
request-000043,43,batch,10640.439749203,10640.440466601,10640.751382964,10640.776088363,10641.913683368,518,134,success,,slo_aware,cd936162134558b8c8691a91fc8780bc35aba11a99db7f5d4526aa6ce1b47fbd,2,python=3.11.14;driver=580.178.04;model_revision=c1899de289a04d12100db370d81485cdf75e47ca;config_hash=a0d18df2a0751f250758d97bf1f2b74d6020645c6fad4e3511ba87efca5ededa;vllm=unavailable;torch=unavailable
request-000044,44,interactive,10640.939749203,10640.940494599,10640.940521498,10640.964556618,10641.930329342,197,114,success,,slo_aware,cd936162134558b8c8691a91fc8780bc35aba11a99db7f5d4526aa6ce1b47fbd,2,python=3.11.14;driver=580.178.04;model_revision=c1899de289a04d12100db370d81485cdf75e47ca;config_hash=a0d18df2a0751f250758d97bf1f2b74d6020645c6fad4e3511ba87efca5ededa;vllm=unavailable;torch=unavailable
request-000045,45,interactive,10641.439749203,10641.440493124,10641.91370505,10641.938537603,10642.648046412,212,84,success,,slo_aware,cd936162134558b8c8691a91fc8780bc35aba11a99db7f5d4526aa6ce1b47fbd,2,python=3.11.14;driver=580.178.04;model_revision=c1899de289a04d12100db370d81485cdf75e47ca;config_hash=a0d18df2a0751f250758d97bf1f2b74d6020645c6fad4e3511ba87efca5ededa;vllm=unavailable;torch=unavailable
request-000046,46,interactive,10641.939749203,10641.939850863,10641.93988739,10641.963683811,10642.543555376,70,69,success,,slo_aware,cd936162134558b8c8691a91fc8780bc35aba11a99db7f5d4526aa6ce1b47fbd,2,python=3.11.14;driver=580.178.04;model_revision=c1899de289a04d12100db370d81485cdf75e47ca;config_hash=a0d18df2a0751f250758d97bf1f2b74d6020645c6fad4e3511ba87efca5ededa;vllm=unavailable;torch=unavailable
request-000047,47,interactive,10642.439749203,10642.440359686,10642.518290345,10642.543196269,10643.443887576,140,108,success,,slo_aware,cd936162134558b8c8691a91fc8780bc35aba11a99db7f5d4526aa6ce1b47fbd,2,python=3.11.14;driver=580.178.04;model_revision=c1899de289a04d12100db370d81485cdf75e47ca;config_hash=a0d18df2a0751f250758d97bf1f2b74d6020645c6fad4e3511ba87efca5ededa;vllm=unavailable;torch=unavailable
request-000048,48,batch,10642.939749203,10642.940413314,10642.940454868,10642.968388142,10647.049136094,1177,482,success,,slo_aware,cd936162134558b8c8691a91fc8780bc35aba11a99db7f5d4526aa6ce1b47fbd,2,python=3.11.14;driver=580.178.04;model_revision=c1899de289a04d12100db370d81485cdf75e47ca;config_hash=a0d18df2a0751f250758d97bf1f2b74d6020645c6fad4e3511ba87efca5ededa;vllm=unavailable;torch=unavailable
request-000049,49,interactive,10643.439749203,10643.440732232,10643.440761986,10643.467856589,10643.773168829,67,37,success,,slo_aware,cd936162134558b8c8691a91fc8780bc35aba11a99db7f5d4526aa6ce1b47fbd,2,python=3.11.14;driver=580.178.04;model_revision=c1899de289a04d12100db370d81485cdf75e47ca;config_hash=a0d18df2a0751f250758d97bf1f2b74d6020645c6fad4e3511ba87efca5ededa;vllm=unavailable;torch=unavailable
request-000050,50,interactive,10643.939749203,10643.940493989,10643.940533758,10643.965976436,10644.570781416,209,72,success,,slo_aware,cd936162134558b8c8691a91fc8780bc35aba11a99db7f5d4526aa6ce1b47fbd,2,python=3.11.14;driver=580.178.04;model_revision=c1899de289a04d12100db370d81485cdf75e47ca;config_hash=a0d18df2a0751f250758d97bf1f2b74d6020645c6fad4e3511ba87efca5ededa;vllm=unavailable;torch=unavailable
request-000051,51,batch,10644.439749203,10644.44059443,10644.440633766,10644.46782624,10645.80155141,1232,158,success,,slo_aware,cd936162134558b8c8691a91fc8780bc35aba11a99db7f5d4526aa6ce1b47fbd,2,python=3.11.14;driver=580.178.04;model_revision=c1899de289a04d12100db370d81485cdf75e47ca;config_hash=a0d18df2a0751f250758d97bf1f2b74d6020645c6fad4e3511ba87efca5ededa;vllm=unavailable;torch=unavailable
request-000052,52,batch,10644.939749203,10644.940326101,10644.940357605,10644.96300652,10647.381309142,1828,285,success,,slo_aware,cd936162134558b8c8691a91fc8780bc35aba11a99db7f5d4526aa6ce1b47fbd,2,python=3.11.14;driver=580.178.04;model_revision=c1899de289a04d12100db370d81485cdf75e47ca;config_hash=a0d18df2a0751f250758d97bf1f2b74d6020645c6fad4e3511ba87efca5ededa;vllm=unavailable;torch=unavailable
request-000053,53,batch,10645.439749203,10645.440810583,10645.440840607,10645.469109047,10647.891269866,845,285,success,,slo_aware,cd936162134558b8c8691a91fc8780bc35aba11a99db7f5d4526aa6ce1b47fbd,2,python=3.11.14;driver=580.178.04;model_revision=c1899de289a04d12100db370d81485cdf75e47ca;config_hash=a0d18df2a0751f250758d97bf1f2b74d6020645c6fad4e3511ba87efca5ededa;vllm=unavailable;torch=unavailable
request-000054,54,interactive,10645.939749203,10645.940757223,10645.940787942,10645.963855094,10646.922107406,208,113,success,,slo_aware,cd936162134558b8c8691a91fc8780bc35aba11a99db7f5d4526aa6ce1b47fbd,2,python=3.11.14;driver=580.178.04;model_revision=c1899de289a04d12100db370d81485cdf75e47ca;config_hash=a0d18df2a0751f250758d97bf1f2b74d6020645c6fad4e3511ba87efca5ededa;vllm=unavailable;torch=unavailable
request-000055,55,interactive,10646.439749203,10646.440512681,10646.922128116,10646.946619502,10647.908792426,237,115,success,,slo_aware,cd936162134558b8c8691a91fc8780bc35aba11a99db7f5d4526aa6ce1b47fbd,2,python=3.11.14;driver=580.178.04;model_revision=c1899de289a04d12100db370d81485cdf75e47ca;config_hash=a0d18df2a0751f250758d97bf1f2b74d6020645c6fad4e3511ba87efca5ededa;vllm=unavailable;torch=unavailable
request-000056,56,interactive,10646.939749203,10646.940202921,10647.049155935,10647.072869104,10647.424176756,223,42,success,,slo_aware,cd936162134558b8c8691a91fc8780bc35aba11a99db7f5d4526aa6ce1b47fbd,2,python=3.11.14;driver=580.178.04;model_revision=c1899de289a04d12100db370d81485cdf75e47ca;config_hash=a0d18df2a0751f250758d97bf1f2b74d6020645c6fad4e3511ba87efca5ededa;vllm=unavailable;torch=unavailable
request-000057,57,interactive,10647.439749203,10647.440440118,10647.440470072,10647.465769096,10647.9088027,104,54,success,,slo_aware,cd936162134558b8c8691a91fc8780bc35aba11a99db7f5d4526aa6ce1b47fbd,2,python=3.11.14;driver=580.178.04;model_revision=c1899de289a04d12100db370d81485cdf75e47ca;config_hash=a0d18df2a0751f250758d97bf1f2b74d6020645c6fad4e3511ba87efca5ededa;vllm=unavailable;torch=unavailable
request-000058,58,interactive,10647.939749203,10647.940762907,10647.940802341,10647.961312093,10649.019218373,229,128,success,,slo_aware,cd936162134558b8c8691a91fc8780bc35aba11a99db7f5d4526aa6ce1b47fbd,2,python=3.11.14;driver=580.178.04;model_revision=c1899de289a04d12100db370d81485cdf75e47ca;config_hash=a0d18df2a0751f250758d97bf1f2b74d6020645c6fad4e3511ba87efca5ededa;vllm=unavailable;torch=unavailable
request-000059,59,batch,10648.439749203,10648.440528046,10648.440570108,10648.467103382,10650.528688414,1601,244,success,,slo_aware,cd936162134558b8c8691a91fc8780bc35aba11a99db7f5d4526aa6ce1b47fbd,2,python=3.11.14;driver=580.178.04;model_revision=c1899de289a04d12100db370d81485cdf75e47ca;config_hash=a0d18df2a0751f250758d97bf1f2b74d6020645c6fad4e3511ba87efca5ededa;vllm=unavailable;torch=unavailable
request-000060,60,interactive,10648.939749203,10648.940649561,10648.94068736,10648.967643952,10649.295915123,139,39,success,,slo_aware,cd936162134558b8c8691a91fc8780bc35aba11a99db7f5d4526aa6ce1b47fbd,2,python=3.11.14;driver=580.178.04;model_revision=c1899de289a04d12100db370d81485cdf75e47ca;config_hash=a0d18df2a0751f250758d97bf1f2b74d6020645c6fad4e3511ba87efca5ededa;vllm=unavailable;torch=unavailable
request-000061,61,batch,10649.439749203,10649.440115192,10649.440146587,10649.46140309,10650.867393672,1681,167,success,,slo_aware,cd936162134558b8c8691a91fc8780bc35aba11a99db7f5d4526aa6ce1b47fbd,2,python=3.11.14;driver=580.178.04;model_revision=c1899de289a04d12100db370d81485cdf75e47ca;config_hash=a0d18df2a0751f250758d97bf1f2b74d6020645c6fad4e3511ba87efca5ededa;vllm=unavailable;torch=unavailable
request-000062,62,batch,10649.939749203,10649.94081205,10649.940844547,10649.962916542,10652.592282359,2004,313,success,,slo_aware,cd936162134558b8c8691a91fc8780bc35aba11a99db7f5d4526aa6ce1b47fbd,2,python=3.11.14;driver=580.178.04;model_revision=c1899de289a04d12100db370d81485cdf75e47ca;config_hash=a0d18df2a0751f250758d97bf1f2b74d6020645c6fad4e3511ba87efca5ededa;vllm=unavailable;torch=unavailable
request-000063,63,interactive,10650.439749203,10650.440014416,10650.440040234,10650.460363954,10651.190143223,114,87,success,,slo_aware,cd936162134558b8c8691a91fc8780bc35aba11a99db7f5d4526aa6ce1b47fbd,2,python=3.11.14;driver=580.178.04;model_revision=c1899de289a04d12100db370d81485cdf75e47ca;config_hash=a0d18df2a0751f250758d97bf1f2b74d6020645c6fad4e3511ba87efca5ededa;vllm=unavailable;torch=unavailable
request-000064,64,batch,10650.939749203,10650.940138852,10650.940169563,10650.967941813,10652.245203751,1587,152,success,,slo_aware,cd936162134558b8c8691a91fc8780bc35aba11a99db7f5d4526aa6ce1b47fbd,2,python=3.11.14;driver=580.178.04;model_revision=c1899de289a04d12100db370d81485cdf75e47ca;config_hash=a0d18df2a0751f250758d97bf1f2b74d6020645c6fad4e3511ba87efca5ededa;vllm=unavailable;torch=unavailable
